first_name,last_name,city
first_name,last_name,city
first_name,last_name,city
first_name,last_name,city
first_name,last_name,city
first_name,last_name,city
first_name,last_name,city
first_name,last_name,city
first_name,last_name,city
first_name,last_name,city
Tyrese,Hirthe,Strackeport
Tyrese,Hirthe,Strackeport
Tyrese,Hirthe,Strackeport
Tyrese,Hirthe,Strackeport
Tyrese,Hirthe,Strackeport
Tyrese,Hirthe,Strackeport
Tyrese,Hirthe,Strackeport
Tyrese,Hirthe,Strackeport
Tyrese,Hirthe,Strackeport
Tyrese,Hirthe,Strackeport
Jules,Dicki,Lake Nickolasville
Jules,Dicki,Lake Nickolasville
Jules,Dicki,Lake Nickolasville
Jules,Dicki,Lake Nickolasville
Jules,Dicki,Lake Nickolasville
Jules,Dicki,Lake Nickolasville
Jules,Dicki,Lake Nickolasville
Jules,Dicki,Lake Nickolasville
Jules,Dicki,Lake Nickolasville
Jules,Dicki,Lake Nickolasville
Dedric,Medhurst,Stiedemannberg
Dedric,Medhurst,Stiedemannberg
Dedric,Medhurst,Stiedemannberg
Dedric,Medhurst,Stiedemannberg
Dedric,Medhurst,Stiedemannberg
Dedric,Medhurst,Stiedemannberg
Dedric,Medhurst,Stiedemannberg
Dedric,Medhurst,Stiedemannberg
Dedric,Medhurst,Stiedemannberg
Dedric,Medhurst,Stiedemannberg
